<?xml version="1.0" encoding="UTF-8"?>
<!DOCTYPE mapper
   PUBLIC "-//mybatis.org//DTD Mapper 3.0//EN"
   "http://mybatis.org/dtd/mybatis-3-mapper.dtd">
<!-- mapper file: 실행 할 쿼리 문을 저장하는 파일. 테이블 하나당 한개씩 작성 namespace: 작업하는 테이블들을 
	구분해주기 위한 식별자 -->
<mapper namespace="fms.add">

	<select id="selectAll" resultType="Add" parameterType="java.lang.String">
		select * from adddb where id = #{id}
	</select>
	
	<insert id="insert" parameterType="Add">
		insert into adddb values(#{id},#{code},1)
	</insert>
	
	<update id="update" parameterType="Add">
		update adddb set count= count + 1 where id=#{id} and code=#{code}
	</update>
	
	<delete id="delete" parameterType="Add">
		delete from adddb where id=#{id} and code=#{code}
	</delete>
	
</mapper>
