<?xml version="1.0" encoding="UTF-8"?>
<!DOCTYPE mapper
   PUBLIC "-//mybatis.org//DTD Mapper 3.0//EN"
   "http://mybatis.org/dtd/mybatis-3-mapper.dtd">
<!-- mapper file: 실행 할 쿼리 문을 저장하는 파일. 테이블 하나당 한개씩 작성 namespace: 작업하는 테이블들을 
	구분해주기 위한 식별자 -->
<mapper namespace="fms.food">

	<select id="selectAll" resultType="Food">
		select * from fooddb
	</select>
	
	<select id="selectOne" resultType="Food" parameterType="Integer">
		select * from fooddb where code=#{code}
	</select>
	
	<update id="countUp" parameterType="Integer">
		update fooddb set count = count+1 where code=#{code}
	</update>
	
	<select id="searchName" resultType="Food" parameterType="java.lang.String">
		select * from fooddb where name like #{word}
	</select>
	
	<select id="searchMaker" resultType="Food" parameterType="java.lang.String">
		select * from fooddb where maker like #{word}
	</select>
	
	<select id="searchMaterial" resultType="Food" parameterType="java.lang.String">
		select * from fooddb where material like #{word}
	</select>
	
</mapper>
