<?xml version="1.0" encoding="UTF-8"?>
<!DOCTYPE mapper
   PUBLIC "-//mybatis.org//DTD Mapper 3.0//EN"
   "http://mybatis.org/dtd/mybatis-3-mapper.dtd">
<!-- mapper file: 실행 할 쿼리 문을 저장하는 파일. 테이블 하나당 한개씩 작성 namespace: 작업하는 테이블들을 
	구분해주기 위한 식별자 -->
<mapper namespace="fms.intake">

	<select id="selectAll" resultType="Intake" parameterType="java.lang.String">
		select * from intakedb where id = #{id} order by count desc
	</select>
	
	<insert id="insert" parameterType="Intake">
		insert into intakedb
		values(#{id},#{code},#{name},#{count}, curdate())
	</insert>
	
	<update id="update" parameterType="Intake">
		update intakedb set count = count + #{count} where id=#{id} and code=#{code} and date=#{date}
	</update>
	
	<select id="selectToday" resultType="Intake" parameterType="java.lang.String">
		select * from intakedb where id = #{id} and date = curdate();
	</select>
	
	<select id="ex" resultType="Exercise">
		select * from exercise;
	</select>
	
</mapper>
