<?xml version="1.0" encoding="UTF-8" ?>
<!DOCTYPE configuration PUBLIC "-//mybatis.org//DTD Config 3.0//EN" "http://mybatis.org/dtd/mybatis-3-config.dtd">
<configuration>

	<!-- 1. typeAliases : VO에 대한 별칭 지정 -->
    <typeAliases>
        <typeAlias alias="Food" type="com.ssafy.fms.vo.Food"/>
        <typeAlias alias="Intake"  type="com.ssafy.fms.vo.Intake"/>
        <typeAlias alias="Add"  type="com.ssafy.fms.vo.Add"/>
        <typeAlias alias="Member"  type="com.ssafy.fms.vo.Member"/>
        <typeAlias alias="Board"  type="com.ssafy.fms.vo.Board"/>
        <typeAlias alias="QnA"  type="com.ssafy.fms.vo.QnA"/>
        <typeAlias alias="Answer"  type="com.ssafy.fms.vo.Answer"/>
        <typeAlias alias="Exercise"  type="com.ssafy.fms.vo.Exercise"/>
    </typeAliases>
	
    <!-- 3. mapper file: table&object mapping -->
    <mappers>
      <mapper resource="spring/FoodMapper.xml" />
      <mapper resource="spring/IntakeMapper.xml" />
      <mapper resource="spring/AddMapper.xml" />
      <mapper resource="spring/MemberMapper.xml" />
      <mapper resource="spring/BoardMapper.xml" />
      <mapper resource="spring/QnAMapper.xml" />
      <mapper resource="spring/AnswerMapper.xml" />
    </mappers>
    
</configuration>
