-- MySQL dump 10.13  Distrib 8.0.12, for Win64 (x86_64)
--
-- Host: 127.0.0.1    Database: scott
-- ------------------------------------------------------
-- Server version	8.0.12

/*!40101 SET @OLD_CHARACTER_SET_CLIENT=@@CHARACTER_SET_CLIENT */;
/*!40101 SET @OLD_CHARACTER_SET_RESULTS=@@CHARACTER_SET_RESULTS */;
/*!40101 SET @OLD_COLLATION_CONNECTION=@@COLLATION_CONNECTION */;
 SET NAMES utf8 ;
/*!40103 SET @OLD_TIME_ZONE=@@TIME_ZONE */;
/*!40103 SET TIME_ZONE='+00:00' */;
/*!40014 SET @OLD_UNIQUE_CHECKS=@@UNIQUE_CHECKS, UNIQUE_CHECKS=0 */;
/*!40014 SET @OLD_FOREIGN_KEY_CHECKS=@@FOREIGN_KEY_CHECKS, FOREIGN_KEY_CHECKS=0 */;
/*!40101 SET @OLD_SQL_MODE=@@SQL_MODE, SQL_MODE='NO_AUTO_VALUE_ON_ZERO' */;
/*!40111 SET @OLD_SQL_NOTES=@@SQL_NOTES, SQL_NOTES=0 */;

--
-- Table structure for table `adddb`
--

DROP TABLE IF EXISTS `adddb`;
/*!40101 SET @saved_cs_client     = @@character_set_client */;
 SET character_set_client = utf8mb4 ;
CREATE TABLE `adddb` (
  `id` varchar(45) COLLATE utf8_bin NOT NULL,
  `code` int(11) NOT NULL,
  `count` int(11) DEFAULT NULL,
  PRIMARY KEY (`id`,`code`)
) ENGINE=InnoDB DEFAULT CHARSET=utf8 COLLATE=utf8_bin;
/*!40101 SET character_set_client = @saved_cs_client */;

--
-- Dumping data for table `adddb`
--

LOCK TABLES `adddb` WRITE;
/*!40000 ALTER TABLE `adddb` DISABLE KEYS */;
INSERT INTO `adddb` VALUES ('sdk',4,1),('ssafy',1,2);
/*!40000 ALTER TABLE `adddb` ENABLE KEYS */;
UNLOCK TABLES;

--
-- Table structure for table `answerdb`
--

DROP TABLE IF EXISTS `answerdb`;
/*!40101 SET @saved_cs_client     = @@character_set_client */;
 SET character_set_client = utf8mb4 ;
CREATE TABLE `answerdb` (
  `num` int(11) NOT NULL AUTO_INCREMENT,
  `qnum` int(11) DEFAULT NULL,
  `name` varchar(45) COLLATE utf8_bin DEFAULT NULL,
  `content` varchar(100) COLLATE utf8_bin DEFAULT NULL,
  `wdate` date DEFAULT NULL,
  PRIMARY KEY (`num`)
) ENGINE=InnoDB AUTO_INCREMENT=40 DEFAULT CHARSET=utf8 COLLATE=utf8_bin;
/*!40101 SET character_set_client = @saved_cs_client */;

--
-- Dumping data for table `answerdb`
--

LOCK TABLES `answerdb` WRITE;
/*!40000 ALTER TABLE `answerdb` DISABLE KEYS */;
INSERT INTO `answerdb` VALUES (1,34,'D','d','2019-11-25'),(2,34,'빅수비 우승','빅스비 우스으','2019-11-25'),(3,34,'kkyu','11','2019-11-25'),(4,34,'kkyu','12','2019-11-25'),(5,34,'kkyu','안녕','2019-11-25'),(7,34,'ssafy','ㄴ','2019-11-25'),(11,17,'ssafy','dd','2019-11-26'),(12,17,'ssafy','dd','2019-11-26'),(13,37,'dani','ggg','2019-11-26'),(14,14,'dani','11','2019-11-26'),(15,37,'dani','yy','2019-11-26'),(16,36,'dani','ㄴㄴ','2019-11-26'),(17,37,'ssafy','ㄴ','2019-11-26'),(18,13,'ssafy','ㅇ','2019-11-26'),(20,19,'ssafy','sss','2019-11-26'),(29,35,'dani','12312321','2019-11-26'),(30,35,'dani','12312321','2019-11-26'),(32,5,'dani','전느 송다은','2019-11-26'),(33,7,'ssafy','d dfdfds','2019-11-27'),(35,35,'kk','123123213','2019-11-27'),(36,35,'kk','ss','2019-11-27');
/*!40000 ALTER TABLE `answerdb` ENABLE KEYS */;
UNLOCK TABLES;

--
-- Table structure for table `board`
--

DROP TABLE IF EXISTS `board`;
/*!40101 SET @saved_cs_client     = @@character_set_client */;
 SET character_set_client = utf8mb4 ;
CREATE TABLE `board` (
  `NUM` int(11) NOT NULL AUTO_INCREMENT,
  `PASS` varchar(20) COLLATE utf8_bin NOT NULL,
  `NAME` varchar(20) COLLATE utf8_bin NOT NULL,
  `WDATE` date NOT NULL,
  `TITLE` varchar(40) COLLATE utf8_bin NOT NULL,
  `CONTENT` varchar(100) COLLATE utf8_bin NOT NULL,
  `COUNT` int(11) NOT NULL DEFAULT '0',
  PRIMARY KEY (`NUM`)
) ENGINE=InnoDB AUTO_INCREMENT=70 DEFAULT CHARSET=utf8 COLLATE=utf8_bin;
/*!40101 SET character_set_client = @saved_cs_client */;

--
-- Dumping data for table `board`
--

LOCK TABLES `board` WRITE;
/*!40000 ALTER TABLE `board` DISABLE KEYS */;
INSERT INTO `board` VALUES (9,'guest','Mel Gibson','2019-09-25','게시판 연습9','게시판연습입니다.',0),(11,'guest','Mel Gibson','2019-09-25','수정','수정된글입니다.',0),(51,'1111','윤거니','2019-11-19','안녕','sdfasdfdsafsdf',0),(52,'`','임선우','2019-11-19','ㅇㅇ','dd',0),(53,'2','임선우','2019-11-19','2','dd',0),(54,'123','임선우','2019-11-19','ㅇㅇ','11',0),(55,'1234','택진','2019-11-19','안녕','124124',0),(56,'2828','이한을','2019-11-19','sadfsadf','asdfwaerf3erffasdf',2),(57,'11','임선우','2019-11-19','123213','23213112321',7),(61,'s','s','2019-11-29','s','s',0),(62,'ss','s','2019-11-29','s','s',0),(63,'s','s','2019-11-29','s','s',0),(64,'s','s','2019-11-29','s','s',0);
/*!40000 ALTER TABLE `board` ENABLE KEYS */;
UNLOCK TABLES;

--
-- Table structure for table `exercise`
--

DROP TABLE IF EXISTS `exercise`;
/*!40101 SET @saved_cs_client     = @@character_set_client */;
 SET character_set_client = utf8mb4 ;
CREATE TABLE `exercise` (
  `code` int(11) NOT NULL AUTO_INCREMENT,
  `cal` int(11) NOT NULL,
  `name` varchar(45) COLLATE utf8_bin NOT NULL,
  PRIMARY KEY (`code`)
) ENGINE=InnoDB AUTO_INCREMENT=14 DEFAULT CHARSET=utf8 COLLATE=utf8_bin;
/*!40101 SET character_set_client = @saved_cs_client */;

--
-- Dumping data for table `exercise`
--

LOCK TABLES `exercise` WRITE;
/*!40000 ALTER TABLE `exercise` DISABLE KEYS */;
INSERT INTO `exercise` VALUES (1,90,'걷기'),(3,75,'요가'),(4,99,'볼링'),(5,87,'스트레칭'),(6,132,'자전거'),(7,150,'등산'),(8,144,'댄스'),(9,173,'배드민턴'),(10,126,'팝굽혀펴기'),(11,174,'계단운동'),(12,303,'윗몸일으키기'),(13,66,'산책');
/*!40000 ALTER TABLE `exercise` ENABLE KEYS */;
UNLOCK TABLES;

--
-- Table structure for table `fooddb`
--

DROP TABLE IF EXISTS `fooddb`;
/*!40101 SET @saved_cs_client     = @@character_set_client */;
 SET character_set_client = utf8mb4 ;
CREATE TABLE `fooddb` (
  `code` int(50) NOT NULL,
  `name` varchar(20) COLLATE utf8_bin NOT NULL,
  `supportpereat` varchar(50) COLLATE utf8_bin DEFAULT NULL,
  `calory` varchar(20) COLLATE utf8_bin DEFAULT NULL,
  `carbo` varchar(20) COLLATE utf8_bin DEFAULT NULL,
  `protein` varchar(20) COLLATE utf8_bin DEFAULT NULL,
  `fat` varchar(20) COLLATE utf8_bin DEFAULT NULL,
  `sugar` varchar(20) COLLATE utf8_bin DEFAULT NULL,
  `natrium` varchar(20) COLLATE utf8_bin DEFAULT NULL,
  `chole` varchar(20) COLLATE utf8_bin DEFAULT NULL,
  `fattyacid` varchar(20) COLLATE utf8_bin DEFAULT NULL,
  `transfat` varchar(20) COLLATE utf8_bin DEFAULT NULL,
  `maker` varchar(20) COLLATE utf8_bin DEFAULT NULL,
  `material` varchar(1000) COLLATE utf8_bin DEFAULT NULL,
  `img` varchar(100) COLLATE utf8_bin DEFAULT NULL,
  `allergy` varchar(100) COLLATE utf8_bin DEFAULT NULL,
  `count` int(11) DEFAULT '0'
) ENGINE=InnoDB DEFAULT CHARSET=utf8 COLLATE=utf8_bin;
/*!40101 SET character_set_client = @saved_cs_client */;

--
-- Dumping data for table `fooddb`
--

LOCK TABLES `fooddb` WRITE;
/*!40000 ALTER TABLE `fooddb` DISABLE KEYS */;
INSERT INTO `fooddb` VALUES (1,'신라면큰사발','80.0','347.37','54.74','5.61','11.93','2.81','1087.72','0.0','5.61','0.0','농심','육수맛조미베이스,소맥분(호주산,미국산),버섯풍미분말,감자전분(독일산),정백당,팜유(말레이시아산),변성전분,복합조미간장분말,난각칼슘,매운탕분말,정제염,정제염,비프조미페이스트,사골된장분말,비프조미분,이스트조미액,포도당,면류첨가알칼리제 ( 산도조절제 ),생고추조미분말,혼합제제 ( 산도조절제 ),칠리맛조미분,올리고녹차풍미액,양념구이조미분,비타민B₂,볶음양념분,수육조미분,호화감자전분,조미양념분,마늘추출물분말,후추가루,분말된장,5-리보뉴클레오티드이나트륨,양파풍미분,사골추출물분말,육수조미분말,양파조미베이스,호박산이나트륨,장국양념분말,다시마정미추출분말,매운맛조미분,고춧가루,분말카라멜 ( 카라멜색소 , 물엿분말 ),생강추출물분말,건표고버섯,건파,건청경채,조미건조홍고추','img/신라면큰사발.jpg','없음',90),(2,'진라면컵매운맛','80.0','275.2','42.24','5.76','8.96','3.2','1139.2','0.0','3.2','0.0','오뚜기','참맛매운육수분말,소맥분(미국산,호주산),변성전분,포도당,발효복합분,팜유(말레이시아산),진한감칠맛분,글루텐,숙성마늘맛분,정제소금,마늘양념분말,유화유지,난각분말,볶음마늘분,치킨추출농축액,백설탕,마늘시즈닝,간장분말,야채추출물,식용유지가공품,면류첨가알칼리제 ( 산도조절제 ),정제소금,비타민 B₂,효모조미분,칠리맛분말,녹차풍미유,전분,쇠고기간장분말,쇠고기향미분말,후추분말,고춧가루,구아검,조미아미노산분말,향미증진제,칠리추출물,고추농축소스,산도조절제,건파,조미쇠고기맛후레이크,건당근,건표고버섯,건조채심,건고추입자,[ 소맥분 ( 밀 ), 탈지대두 ( 대두 ), 유당 ( 우유 ), 난각분말 ( 계란 ), 땅콩단백 ( 땅콩 ), 돈골 ( 돼지고기 )]','img/진라면컵매운맛.jpg','대두,땅콩,돼지고기,계란,우유',71),(3,'큰컵삼양라면','80.0','272.7','42.88','4.99','8.9','2.24','940.54','0.0','4.48','0.0','삼양식품','볶음면조미분말,소맥분(미국산,호주산),부대찌개베이스,전분(태국산),팜유,설탕,정제염,정제염,맛베이스에스,미감에스유,식물성간장분말,면류첨가알칼리제 ( 산도조절제 ),감자전분,양파엑기스,양념간장분,구아검,지미맛분말,비타민B₂,구연산,햄풍미분말,육수맛분말,녹차풍미유,김치조미분말,돈육풍미분말,볶음양념분말,혼합양념분말,진사골추출물분말,전지분유,팜유,부대찌개분말,쇠고기양념분말,저염풍미분에스,후추분,향미증진제,매운조미고추맛분,김치찌개풍미분말,베이컨향분말,햄베이스시즈닝,파프리카추출색소,마늘맛오일,조미콩단백,실당근,건청파,청경채,고단백건조유부,{ 소맥분 ( 밀 ), 탈지대두 ( 대두 ), 돼지고기 , 전지분유 ( 우유 ), 계란 , 땅콩 }','img/큰컵삼양라면.jpg','없음',11),(4,'새우탕큰사발','80.0','372.0','48.16','7.68','15.76','0.0','1876.0','0.0','0.0','0.0','농심','소맥분(호주산,미국산),감자전분(독일산),팜유,변성전분,식물성풍미유,난각칼슘,정제염,야채조미추출물,면류첨가알칼리제 ( 산도조절제 ),혼합제제 ( 산도조절제 ),올리고녹차풍미액,비타민B₂,새우베이스분말,정제염,정백당,육수베이스분말,매운맛분말,조미양념분,매운탕조미분말,호화옥수수분,육수맛조미베이스,오징어조미분말,오징어풍미분말,양념구이조미분,5-리보뉴클레오티드이나트륨,분말고추장,이스트풍미분,호박산이나트륨,복합조미간장분말,분말카라멜 ( 카라멜색소 , 물엿분말 ),다시마정미추출분말,혼합해물베이스분말,멸치조미분,향신조미분,후추가루,다시마표고조미분,수화검 ( 구아검 , 산탄검 ),후추추출물분말,어포,새우맛볼,건미역,건당근,건새우,새우 ( 중국산 58.1% , 캐나다산 41.0% , 국내산 0.9% )','img/새우탕큰사발.jpg','없음',3),(5,'육개장큰사발면','80.0','273.45','42.47','5.24','9.31','1.75','936.73','0.0','4.65','0.0','농심','육개장조미료,소맥분(호주산,미국산),팜유(말레이시아산),정제염,양념간장베이스,감자전분,변성전분,조미아미노산간장분말,정백당,식물성풍미유,물엿분말,난각칼슘,양념풍미분,정제염,볶음양념분,면류첨가알칼리제 ( 산도조절제 ),육수조미분말,비프양념분말,혼합제제 ( 산도조절제 ),간장조미액,마늘추출물분말,복합양념분말,구아검,올리고녹차풍미액,팜유조미분말,이스트풍미분,비타민B₂,후추가루,매운맛조미분,5-리보뉴클레오티드이나트륨,분말고추장,양파풍미분,수육조미분,호박산이나트륨,칠리풍미분말,복합조미간장분말,건파,계란스크램블,건조맛살어묵,소용돌이맛살','img/육개장큰사발면.jpg','없음',5),(6,'메로나','100.0','156.25','25.0','1.25','6.25','20.0','68.75','18.75','4.75','0.63','빙그레','정제수,백설탕,데어리스프레드 (외국산:뉴질랜드,독일,호주),프락토올리고당,물엿,혼합탈지분유 ( 외국산 :네덜란드,아일랜드,독일),말티톨시럽,메론시럽 0.15% ( 메론 70% : 국산 ),정제염,로커스트콩검,셀룰로오스검,혼합제제 ( 구아검 , 로커스트콩검 , 카라기난 , 셀룰로오스검 , 유화제 ),치자청색소,심황색소,합성착향료 ( 메론향 )','img/메로나.jpg','없음',6),(7,'누크바','100.0','274.0','25.0','3.0','18.3','17.33','65.0','0.0','0.0','0.0','롯데제과','정제수,기타코코아가공품[야자유(수입산),백설탕,채종유(호주산),땅콩버터,혼합분유,코코아매스],백설탕,혼합분유(수입산;탈지분유,유청분말),기타올리고당 ( 물엿 , 이소말토올리고당 , 액상과당 ),땅콩(중국산),가공버터 ( 유크림 , 야자유 ),아이스혼합유 ( 야자유 80% , 팜유 20% ),혼합제제Ⅰ ( 구아검 , 로커스트콩검 , 카라기난 , 타마린드검 ),천연착향료 ( 바닐라향 ),유화제,합성착향료 ( 바닐라향 ),혼합제제Ⅱ ( 치자황색소 , 덱스트린 , 비트레드 )','img/N45누크바.jpg','없음',6),(8,'비비빅','100.0','186.67','40.0','3.33','1.6','21.25','106.67','6.67','1.07','0.0','빙그레','정제수,당통팥22%(중국산: 백설탕 , 팥 ),백설탕,물엿,팥분말(중국산),혼합탈지분유,데어리스프레드,액상과당,찰옥수수알파전분,유청분말,정제염,구아검,락색소,카라멜색소,합성착향료 ( 팥향 ),치자청색소','img/비비빅.jpg','없음',0),(9,'수박바','100.0','110.93','24.67','0.33','2.24','18.67','25.83','0.09','1.11','0.17','롯데제과','정제수,백설탕,프락토올리고당,초코땅콩 ( 땅콩 ),폴리덱스트로스,말티톨시럽,아이스혼합유,유화제,혼합제제 ( 구아검 ( 대두 ), 카라기난 , 산도조절제 , 로커스트콩검 , 타마린드검 ),수박농축액 0.1% ( 고형분 65% ),합성착향료 ( 딸기향 , 멜론향 ),정제소금,혼합제제II ( 비트레드 , 덱스트린 , 치자황색소 ),비타민C,구연산,혼합제제III ( 치자청색소 , 치자황색소 , 덱스트린 )','img/수박바.jpg','없음',1),(10,'죠스바','100.0','113.33','28.4','0.04','0.09','20.0','0.68','0.0','0.0','0.17','롯데제과','정제수,프락토올리고당,백설탕,기타올리고당 ( 물엿 , 이소말토올리고당 , 액상과당 ),딸기쨈3%(딸기;국산),구연산,오렌지농축액0.14%(고형분65%),합성착향료 ( 딸기향 , 오렌지향 ),혼합제제Ⅰ ( 카라기난 , 구아검 ( 대두 ), 산도조절제 , 로커스트콩검 , 타마린드검 ),혼합제제Ⅱ ( 구아검 , 카라기난 , 산도조절제 , 로커스트콩검 , 타마린드검 ),혼합제제Ⅲ ( 유화제 , 탄산칼슘 , 규소수지 ),비타민C,혼합제제Ⅳ ( 덱스트린 , 치자청색소 , 홍국적색소 , 치자황색소 ),혼합제제Ⅴ ( 비트레드 , 덱스트린 , 치자황색소 )','img/죠스바.jpg','없음',5),(11,'서울우유바나나','200.0','340.0','44.0','10.0','14.0','40.44','170.0','40.0','8.0','0.0','서울우유','원유 60.12%(국산),정제수,액상과당,정백당,유크림 2.93%(국산),탈지분유 2.143%,바나나농축과즙(바나나과즙 1%,이스라엘산),올리고당,합성착향료 ( 바나나향 )','img/서울우유바나나.jpg','없음',4),(12,'맛있는우유GT','200.0','280.0','20.0','12.0','16.0','18.0','200.0','60.0','9.6','0.0','남양유업','1A등급 원유 ( 국산 ) 100% ( 세균수기준 )','img/맛있는우유GT.jpg','없음',5),(13,'칠성사이다','200.0','168.42','42.11','0.0','0.0','33.6','10.53','0.0','0.0','0.0','롯데칠성음료','정제수,액상과당,백설탕,탄산가스,구연산,레몬라임향','img/칠성사이다.jpg','없음',8),(14,'비타500칼슘','200.0','172.9','43.0','0.09','0.06','44.0','143.84','0.0','0.0','0.0','광동제약','정제수,액상과당,농축사과과즙 ( 당도 72Brix이상 , 뉴질랜드산 ),비타민C 0.5% ( 900% ),퓨라칼 (칼슘12%이상)0.05%,합성착향료 ( 드링크향 ),구연산,케이디비타 2800,구연산삼나트륨,펙틴,타우린,DL-사과산,오렌지추출물','img/비타500칼슘.jpg','없음',3),(15,'비타파워','200.0','100.0','24.0','0.0','0.0','12.55','60.0','0.0','0.0','0.0','롯데제과','정제수,액상과당,비타민C,구연산,합성착향료 ( 드링크향 , 혼합과일향 ),구연산삼나트륨,효소처리스테비아,타우린,수크랄로스 ( 합성감미료 ),비타민B2인산에스테르나트륨','img/비타파워.jpg','없음',4),(16,'칸타타아메리카노','200.0','80.0','18.29','0.0','0.0','13.72','125.71','0.0','0.0','0.0','롯데제과','칸타타원두커피추출액30%(에티오피아50%,콜롬비아30%,브라질20%),정제수,백설탕,합성착향료 ( 커피향 ),탄산수소나트륨,L-아스코르빈산나트륨','img/칸타타아메리카노.jpg','없음',1),(17,'칸타타프리미엄라떼','200.0','182.86','36.57','4.57','2.06','36.56','228.57','11.43','1.37','0.0','롯데제과','칸타타원두커피추출액42%(에티오피아50%,콜롬비아30%,브라질20%),정제수,우유15%(국내산),백설탕,혼합분유 ( 탈지분유 , 유청분말 ),탄산수소나트륨,합성착향료 ( 커피향 , 우유향 ),유화제,L-아스코르빈산나트륨','img/칸타타프리미엄라떼.jpg','없음',0),(18,'맥심티오피스위트아메리카노','200.0','70.4','17.6','0.0','0.0','16.0','52.0','0.0','0.0','0.0','동서식품','맥심 에스프레소 커피추출액 ( 고형분 5.0%이상 ,커피원두:콜롬비아산60%,브라질산21%)12.6%,정제수,백설탕,탄산칼륨,합성착향료 ( 커피향 ),비타민C,자당지방산에스테르','img/맥심티오피스위트아메리카노.jpg','없음',1),(19,'맥심티오피마스터라떼','200.0','156.4','26.0','3.2','4.4','26.2','72.73','16.0','3.2','0.0','동서식품','정제수,우유 (국내산)15%,맥심 에스프레소 커피추출액 ( 고형분 5.0%이상 ,커피원두:콜롬비아산60%,브라질산21%)12.6%,백설탕,유크림,탈지분유,탄산칼륨,자당지방산에스테르,비타민C','img/맥심티오피마스터라떼.jpg','없음',5),(20,'아카페라아메리카노','200.0','58.33','13.33','0.83','0.0','11.68','91.67','0.0','0.0','0.0','빙그레','정제수,콜드브루커피추출액7%(고형분3%이상/커피원두:에티오피아40%,콜롬비아30%,브라질30%),백설탕,에스프레소커피추출액 1.54% ( 고형분 34%이상 /커피원두:브라질),탄산수소나트륨,아스코르빈산나트륨,천연커피향','img/아카페라아메리카노.jpg','없음',0);
/*!40000 ALTER TABLE `fooddb` ENABLE KEYS */;
UNLOCK TABLES;

--
-- Table structure for table `foodinfo`
--

DROP TABLE IF EXISTS `foodinfo`;
/*!40101 SET @saved_cs_client     = @@character_set_client */;
 SET character_set_client = utf8mb4 ;
CREATE TABLE `foodinfo` (
  `code` int(50) NOT NULL,
  `name` varchar(20) COLLATE utf8_bin NOT NULL,
  `supportpereat` varchar(50) COLLATE utf8_bin DEFAULT NULL,
  `calory` varchar(20) COLLATE utf8_bin DEFAULT NULL,
  `carbo` varchar(20) COLLATE utf8_bin DEFAULT NULL,
  `protein` varchar(20) COLLATE utf8_bin DEFAULT NULL,
  `fat` varchar(20) COLLATE utf8_bin DEFAULT NULL,
  `sugar` varchar(20) COLLATE utf8_bin DEFAULT NULL,
  `natrium` varchar(20) COLLATE utf8_bin DEFAULT NULL,
  `chole` varchar(20) COLLATE utf8_bin DEFAULT NULL,
  `fattyacid` varchar(20) COLLATE utf8_bin DEFAULT NULL,
  `transfat` varchar(20) COLLATE utf8_bin DEFAULT NULL,
  `maker` varchar(20) COLLATE utf8_bin DEFAULT NULL,
  `material` varchar(1000) COLLATE utf8_bin DEFAULT NULL,
  `img` varchar(100) COLLATE utf8_bin DEFAULT NULL,
  `allergy` varchar(100) COLLATE utf8_bin DEFAULT NULL,
  PRIMARY KEY (`code`)
) ENGINE=InnoDB DEFAULT CHARSET=utf8 COLLATE=utf8_bin;
/*!40101 SET character_set_client = @saved_cs_client */;

--
-- Dumping data for table `foodinfo`
--

LOCK TABLES `foodinfo` WRITE;
/*!40000 ALTER TABLE `foodinfo` DISABLE KEYS */;
INSERT INTO `foodinfo` VALUES (1,'신라면큰사발','80.0','347.37','54.74','5.61','11.93','2.81','1087.72','0.0','5.61','0.0','농심','육수맛조미베이스,소맥분(호주산,미국산),버섯풍미분말,감자전분(독일산),정백당,팜유(말레이시아산),변성전분,복합조미간장분말,난각칼슘,매운탕분말,정제염,정제염,비프조미페이스트,사골된장분말,비프조미분,이스트조미액,포도당,면류첨가알칼리제 ( 산도조절제 ),생고추조미분말,혼합제제 ( 산도조절제 ),칠리맛조미분,올리고녹차풍미액,양념구이조미분,비타민B₂,볶음양념분,수육조미분,호화감자전분,조미양념분,마늘추출물분말,후추가루,분말된장,5-리보뉴클레오티드이나트륨,양파풍미분,사골추출물분말,육수조미분말,양파조미베이스,호박산이나트륨,장국양념분말,다시마정미추출분말,매운맛조미분,고춧가루,분말카라멜 ( 카라멜색소 , 물엿분말 ),생강추출물분말,건표고버섯,건파,건청경채,조미건조홍고추','img/신라면큰사발.jpg',NULL),(2,'진라면컵매운맛','80.0','275.2','42.24','5.76','8.96','3.2','1139.2','0.0','3.2','0.0','오뚜기','참맛매운육수분말,소맥분(미국산,호주산),변성전분,포도당,발효복합분,팜유(말레이시아산),진한감칠맛분,글루텐,숙성마늘맛분,정제소금,마늘양념분말,유화유지,난각분말,볶음마늘분,치킨추출농축액,백설탕,마늘시즈닝,간장분말,야채추출물,식용유지가공품,면류첨가알칼리제 ( 산도조절제 ),정제소금,비타민 B₂,효모조미분,칠리맛분말,녹차풍미유,전분,쇠고기간장분말,쇠고기향미분말,후추분말,고춧가루,구아검,조미아미노산분말,향미증진제,칠리추출물,고추농축소스,산도조절제,건파,조미쇠고기맛후레이크,건당근,건표고버섯,건조채심,건고추입자,[ 소맥분 ( 밀 ), 탈지대두 ( 대두 ), 유당 ( 우유 ), 난각분말 ( 계란 ), 땅콩단백 ( 땅콩 ), 돈골 ( 돼지고기 )]','img/진라면컵매운맛.jpg',NULL),(3,'큰컵삼양라면','80.0','272.7','42.88','4.99','8.9','2.24','940.54','0.0','4.48','0.0','삼양식품','볶음면조미분말,소맥분(미국산,호주산),부대찌개베이스,전분(태국산),팜유,설탕,정제염,정제염,맛베이스에스,미감에스유,식물성간장분말,면류첨가알칼리제 ( 산도조절제 ),감자전분,양파엑기스,양념간장분,구아검,지미맛분말,비타민B₂,구연산,햄풍미분말,육수맛분말,녹차풍미유,김치조미분말,돈육풍미분말,볶음양념분말,혼합양념분말,진사골추출물분말,전지분유,팜유,부대찌개분말,쇠고기양념분말,저염풍미분에스,후추분,향미증진제,매운조미고추맛분,김치찌개풍미분말,베이컨향분말,햄베이스시즈닝,파프리카추출색소,마늘맛오일,조미콩단백,실당근,건청파,청경채,고단백건조유부,{ 소맥분 ( 밀 ), 탈지대두 ( 대두 ), 돼지고기 , 전지분유 ( 우유 ), 계란 , 땅콩 }','img/큰컵삼양라면.jpg',NULL),(4,'새우탕큰사발','80.0','372.0','48.16','7.68','15.76','0.0','1876.0','0.0','0.0','0.0','농심','소맥분(호주산,미국산),감자전분(독일산),팜유,변성전분,식물성풍미유,난각칼슘,정제염,야채조미추출물,면류첨가알칼리제 ( 산도조절제 ),혼합제제 ( 산도조절제 ),올리고녹차풍미액,비타민B₂,새우베이스분말,정제염,정백당,육수베이스분말,매운맛분말,조미양념분,매운탕조미분말,호화옥수수분,육수맛조미베이스,오징어조미분말,오징어풍미분말,양념구이조미분,5-리보뉴클레오티드이나트륨,분말고추장,이스트풍미분,호박산이나트륨,복합조미간장분말,분말카라멜 ( 카라멜색소 , 물엿분말 ),다시마정미추출분말,혼합해물베이스분말,멸치조미분,향신조미분,후추가루,다시마표고조미분,수화검 ( 구아검 , 산탄검 ),후추추출물분말,어포,새우맛볼,건미역,건당근,건새우,새우 ( 중국산 58.1% , 캐나다산 41.0% , 국내산 0.9% )','img/새우탕큰사발.jpg',NULL),(5,'육개장큰사발면','80.0','273.45','42.47','5.24','9.31','1.75','936.73','0.0','4.65','0.0','농심','육개장조미료,소맥분(호주산,미국산),팜유(말레이시아산),정제염,양념간장베이스,감자전분,변성전분,조미아미노산간장분말,정백당,식물성풍미유,물엿분말,난각칼슘,양념풍미분,정제염,볶음양념분,면류첨가알칼리제 ( 산도조절제 ),육수조미분말,비프양념분말,혼합제제 ( 산도조절제 ),간장조미액,마늘추출물분말,복합양념분말,구아검,올리고녹차풍미액,팜유조미분말,이스트풍미분,비타민B₂,후추가루,매운맛조미분,5-리보뉴클레오티드이나트륨,분말고추장,양파풍미분,수육조미분,호박산이나트륨,칠리풍미분말,복합조미간장분말,건파,계란스크램블,건조맛살어묵,소용돌이맛살','img/육개장큰사발면.jpg',NULL),(6,'메로나','100.0','156.25','25.0','1.25','6.25','20.0','68.75','18.75','4.75','0.63','빙그레','정제수,백설탕,데어리스프레드 (외국산:뉴질랜드,독일,호주),프락토올리고당,물엿,혼합탈지분유 ( 외국산 :네덜란드,아일랜드,독일),말티톨시럽,메론시럽 0.15% ( 메론 70% : 국산 ),정제염,로커스트콩검,셀룰로오스검,혼합제제 ( 구아검 , 로커스트콩검 , 카라기난 , 셀룰로오스검 , 유화제 ),치자청색소,심황색소,합성착향료 ( 메론향 )','img/메로나.jpg',NULL),(7,'누크바','100.0','274.0','25.0','3.0','18.3','17.33','65.0','0.0','0.0','0.0','롯데제과','정제수,기타코코아가공품[야자유(수입산),백설탕,채종유(호주산),땅콩버터,혼합분유,코코아매스],백설탕,혼합분유(수입산;탈지분유,유청분말),기타올리고당 ( 물엿 , 이소말토올리고당 , 액상과당 ),땅콩(중국산),가공버터 ( 유크림 , 야자유 ),아이스혼합유 ( 야자유 80% , 팜유 20% ),혼합제제Ⅰ ( 구아검 , 로커스트콩검 , 카라기난 , 타마린드검 ),천연착향료 ( 바닐라향 ),유화제,합성착향료 ( 바닐라향 ),혼합제제Ⅱ ( 치자황색소 , 덱스트린 , 비트레드 )','img/N45누크바.jpg',NULL),(8,'비비빅','100.0','186.67','40.0','3.33','1.6','21.25','106.67','6.67','1.07','0.0','빙그레','정제수,당통팥22%(중국산: 백설탕 , 팥 ),백설탕,물엿,팥분말(중국산),혼합탈지분유,데어리스프레드,액상과당,찰옥수수알파전분,유청분말,정제염,구아검,락색소,카라멜색소,합성착향료 ( 팥향 ),치자청색소','img/비비빅.jpg',NULL),(9,'수박바','100.0','110.93','24.67','0.33','2.24','18.67','25.83','0.09','1.11','0.17','롯데제과','정제수,백설탕,프락토올리고당,초코땅콩 ( 땅콩 ),폴리덱스트로스,말티톨시럽,아이스혼합유,유화제,혼합제제 ( 구아검 ( 대두 ), 카라기난 , 산도조절제 , 로커스트콩검 , 타마린드검 ),수박농축액 0.1% ( 고형분 65% ),합성착향료 ( 딸기향 , 멜론향 ),정제소금,혼합제제II ( 비트레드 , 덱스트린 , 치자황색소 ),비타민C,구연산,혼합제제III ( 치자청색소 , 치자황색소 , 덱스트린 )','img/수박바.jpg',NULL),(10,'죠스바','100.0','113.33','28.4','0.04','0.09','20.0','0.68','0.0','0.0','0.17','롯데제과','정제수,프락토올리고당,백설탕,기타올리고당 ( 물엿 , 이소말토올리고당 , 액상과당 ),딸기쨈3%(딸기;국산),구연산,오렌지농축액0.14%(고형분65%),합성착향료 ( 딸기향 , 오렌지향 ),혼합제제Ⅰ ( 카라기난 , 구아검 ( 대두 ), 산도조절제 , 로커스트콩검 , 타마린드검 ),혼합제제Ⅱ ( 구아검 , 카라기난 , 산도조절제 , 로커스트콩검 , 타마린드검 ),혼합제제Ⅲ ( 유화제 , 탄산칼슘 , 규소수지 ),비타민C,혼합제제Ⅳ ( 덱스트린 , 치자청색소 , 홍국적색소 , 치자황색소 ),혼합제제Ⅴ ( 비트레드 , 덱스트린 , 치자황색소 )','img/죠스바.jpg',NULL),(11,'서울우유바나나','200.0','340.0','44.0','10.0','14.0','40.44','170.0','40.0','8.0','0.0','서울우유','원유 60.12%(국산),정제수,액상과당,정백당,유크림 2.93%(국산),탈지분유 2.143%,바나나농축과즙(바나나과즙 1%,이스라엘산),올리고당,합성착향료 ( 바나나향 )','img/서울우유바나나.jpg',NULL),(12,'맛있는우유GT','200.0','280.0','20.0','12.0','16.0','18.0','200.0','60.0','9.6','0.0','남양유업','1A등급 원유 ( 국산 ) 100% ( 세균수기준 )','img/맛있는우유GT.jpg',NULL),(13,'칠성사이다','200.0','168.42','42.11','0.0','0.0','33.6','10.53','0.0','0.0','0.0','롯데칠성음료','정제수,액상과당,백설탕,탄산가스,구연산,레몬라임향','img/칠성사이다.jpg',NULL),(14,'비타500칼슘','200.0','172.9','43.0','0.09','0.06','44.0','143.84','0.0','0.0','0.0','광동제약','정제수,액상과당,농축사과과즙 ( 당도 72Brix이상 , 뉴질랜드산 ),비타민C 0.5% ( 900% ),퓨라칼 (칼슘12%이상)0.05%,합성착향료 ( 드링크향 ),구연산,케이디비타 2800,구연산삼나트륨,펙틴,타우린,DL-사과산,오렌지추출물','img/비타500칼슘.jpg',NULL),(15,'비타파워','200.0','100.0','24.0','0.0','0.0','12.55','60.0','0.0','0.0','0.0','롯데제과','정제수,액상과당,비타민C,구연산,합성착향료 ( 드링크향 , 혼합과일향 ),구연산삼나트륨,효소처리스테비아,타우린,수크랄로스 ( 합성감미료 ),비타민B2인산에스테르나트륨','img/비타파워.jpg',NULL),(16,'칸타타아메리카노','200.0','80.0','18.29','0.0','0.0','13.72','125.71','0.0','0.0','0.0','롯데제과','칸타타원두커피추출액30%(에티오피아50%,콜롬비아30%,브라질20%),정제수,백설탕,합성착향료 ( 커피향 ),탄산수소나트륨,L-아스코르빈산나트륨','img/칸타타아메리카노.jpg',NULL),(17,'칸타타프리미엄라떼','200.0','182.86','36.57','4.57','2.06','36.56','228.57','11.43','1.37','0.0','롯데제과','칸타타원두커피추출액42%(에티오피아50%,콜롬비아30%,브라질20%),정제수,우유15%(국내산),백설탕,혼합분유 ( 탈지분유 , 유청분말 ),탄산수소나트륨,합성착향료 ( 커피향 , 우유향 ),유화제,L-아스코르빈산나트륨','img/칸타타프리미엄라떼.jpg',NULL),(18,'맥심티오피스위트아메리카노','200.0','70.4','17.6','0.0','0.0','16.0','52.0','0.0','0.0','0.0','동서식품','맥심 에스프레소 커피추출액 ( 고형분 5.0%이상 ,커피원두:콜롬비아산60%,브라질산21%)12.6%,정제수,백설탕,탄산칼륨,합성착향료 ( 커피향 ),비타민C,자당지방산에스테르','img/맥심티오피스위트아메리카노.jpg',NULL),(19,'맥심티오피마스터라떼','200.0','156.4','26.0','3.2','4.4','26.2','72.73','16.0','3.2','0.0','동서식품','정제수,우유 (국내산)15%,맥심 에스프레소 커피추출액 ( 고형분 5.0%이상 ,커피원두:콜롬비아산60%,브라질산21%)12.6%,백설탕,유크림,탈지분유,탄산칼륨,자당지방산에스테르,비타민C','img/맥심티오피마스터라떼.jpg',NULL),(20,'아카페라아메리카노','200.0','58.33','13.33','0.83','0.0','11.68','91.67','0.0','0.0','0.0','빙그레','정제수,콜드브루커피추출액7%(고형분3%이상/커피원두:에티오피아40%,콜롬비아30%,브라질30%),백설탕,에스프레소커피추출액 1.54% ( 고형분 34%이상 /커피원두:브라질),탄산수소나트륨,아스코르빈산나트륨,천연커피향','img/아카페라아메리카노.jpg',NULL);
/*!40000 ALTER TABLE `foodinfo` ENABLE KEYS */;
UNLOCK TABLES;

--
-- Table structure for table `intakedb`
--

DROP TABLE IF EXISTS `intakedb`;
/*!40101 SET @saved_cs_client     = @@character_set_client */;
 SET character_set_client = utf8mb4 ;
CREATE TABLE `intakedb` (
  `id` varchar(45) COLLATE utf8_bin NOT NULL,
  `code` int(11) NOT NULL,
  `name` varchar(45) COLLATE utf8_bin DEFAULT NULL,
  `count` int(11) DEFAULT NULL,
  `date` date NOT NULL,
  PRIMARY KEY (`id`,`code`,`date`)
) ENGINE=InnoDB DEFAULT CHARSET=utf8 COLLATE=utf8_bin;
/*!40101 SET character_set_client = @saved_cs_client */;

--
-- Dumping data for table `intakedb`
--

LOCK TABLES `intakedb` WRITE;
/*!40000 ALTER TABLE `intakedb` DISABLE KEYS */;
INSERT INTO `intakedb` VALUES ('',1,'신라면큰사발',1,'2019-11-28'),('cap',1,'신라면큰사발',1,'2019-11-28'),('dani',1,'신라면큰사발',4,'2019-11-26'),('dani',2,'진라면컵매운맛',5,'2019-11-26'),('dani',3,'큰컵삼양라면',1,'2019-11-26'),('dani',12,'진라면컵매운맛',200,'2016-11-26'),('dani',12,'진라면컵매운맛',200,'2018-11-26'),('dani',12,'신라면큰사발',100,'2019-11-25'),('hn',1,'신라면큰사발',1,'2019-11-28'),('hn',2,'진라면컵매운맛',1,'2019-11-28'),('kk',1,'신라면큰사발',4,'2019-11-27'),('kk',1,'신라면큰사발',4,'2019-11-28'),('kk',2,'진라면컵매운맛',2,'2019-11-27'),('kk',3,'큰컵삼양라면',1,'2019-11-28'),('kk',5,'육개장큰사발면',1,'2019-11-27'),('kk',6,'메로나',1,'2019-11-27'),('kk',7,'누크바',1,'2019-11-28'),('kk',8,'비비빅',2,'2019-11-28'),('princess',1,'신라면큰사발',7,'2019-11-28'),('sang',1,'신라면큰사발',6,'2019-11-28'),('sang',2,'진라면컵매운맛',1,'2019-11-28'),('sang',4,'새우탕큰사발',1,'2019-11-28'),('sdk',1,'신라면큰사발',5,'2019-11-28'),('sdk',1,'신라면큰사발',5,'2019-11-29'),('sdk',2,'진라면컵매운맛',3,'2019-11-28'),('sdk',2,'진라면컵매운맛',1,'2019-11-29'),('sdk',3,'큰컵삼양라면',1,'2019-11-29'),('sdk2',2,'진라면컵매운맛',1,'2019-11-29'),('sdk2',6,'메로나',1,'2019-11-29'),('ssafy',1,'신라면큰사발',10,'2019-11-26'),('ssafy',1,'신라면큰사발',3,'2019-11-27'),('ssafy',1,'신라면큰사발',5,'2019-11-28'),('ssafy',2,'진라면컵매운맛',1,'2018-11-27'),('ssafy',2,'진라면컵매운맛',2,'2019-11-26'),('ssafy',2,'진라면컵매운맛',1,'2019-11-28'),('ssafy',2,'진라면컵매운맛',1,'2019-11-29'),('ssafy',3,'큰컵삼양라면',1,'2019-11-26'),('ssafy',4,'새우탕큰사발',2,'2019-10-26'),('ssafy',6,'메로나',1,'2019-11-26'),('ssafy',7,'누크바',1,'2019-11-26'),('ssafy',9,'수박바',1,'2019-11-28'),('ssafy',10,'죠스바',1,'2019-11-27'),('ssafy',12,'신라면큰사발',100,'2019-11-25'),('ygh',1,'신라면큰사발',4,'2019-11-28'),('ygh',3,'큰컵삼양라면',3,'2019-11-28'),('ygh',4,'새우탕큰사발',1,'2019-11-28'),('ygh',6,'메로나',1,'2019-11-28');
/*!40000 ALTER TABLE `intakedb` ENABLE KEYS */;
UNLOCK TABLES;

--
-- Table structure for table `memberdb`
--

DROP TABLE IF EXISTS `memberdb`;
/*!40101 SET @saved_cs_client     = @@character_set_client */;
 SET character_set_client = utf8mb4 ;
CREATE TABLE `memberdb` (
  `id` varchar(45) COLLATE utf8_bin NOT NULL,
  `pass` varchar(45) COLLATE utf8_bin DEFAULT NULL,
  `name` varchar(45) COLLATE utf8_bin DEFAULT NULL,
  `address` varchar(45) COLLATE utf8_bin DEFAULT NULL,
  `phone` varchar(45) COLLATE utf8_bin DEFAULT NULL,
  `allergy` varchar(900) COLLATE utf8_bin DEFAULT NULL,
  `weight` int(11) DEFAULT '50',
  `rnk` double DEFAULT '1.5',
  PRIMARY KEY (`id`)
) ENGINE=InnoDB DEFAULT CHARSET=utf8 COLLATE=utf8_bin;
/*!40101 SET character_set_client = @saved_cs_client */;

--
-- Dumping data for table `memberdb`
--

LOCK TABLES `memberdb` WRITE;
/*!40000 ALTER TABLE `memberdb` DISABLE KEYS */;
INSERT INTO `memberdb` VALUES ('cap','cap','권혁진','역삼 멀캠','01048030227','없음',98,1.3),('dani','danie','륨ㄴㅇㄹㄴㅁㅇ','ㄴㅇㅁㄻㄴㄹㄴㅇ','ㅓㅈㄷㄱㅈㄷㅁㄱㅈㄷ','대두,땅콩,우유,게,새우,참치,연어,쑥,소고기,닭고기,돼지고기,복숭아,민들레,계란흰자',50,1.5),('dfsadfdsf','213123213','임선우','역삼','2199914','없음',50,1.5),('hn','hn','이하늘','미국 뉴욕','01065991974','참치,닭고기',77,1.3),('kk','kk','ss','역삼','21321321','땅콩,참치',60,1.3),('kkyu','kkyu','임선우','역삼','3242343','땅콩,참치,닭고기',50,1.5),('kyuhee','kyuhee','윤규희','서울시 멀티캠퍼스','01066157538','땅콩,참치',50,1.3),('maum','maum','마음이','역삼','010555','땅콩',50,1.5),('princess','${f.title}','다슬공주','역삼','01095140613','땅콩,참치',48,1.3),('s','s','s','s','01055','참치',80,1.5),('sang','sang','김상우','휘경동','01057163535','땅콩',70,1.3),('sdk','sdk','송다규','멀캠','01066157538','참치,닭고기',40,1.3),('ssafy','ssafy','임선우','휘경동','ssafy','대두,땅콩,우유,새우,참치,소고기,닭고기,복숭아,민들레',50,1.5),('ssafy2','ssafy2','adsfasdf','sadfsadf','sdf 34324','우유,연어,돼지고기',50,1.5),('ygh','ygh','윤건희','목동 래미안','01087987687','새우,연어',70,1.3);
/*!40000 ALTER TABLE `memberdb` ENABLE KEYS */;
UNLOCK TABLES;

--
-- Table structure for table `qnadb`
--

DROP TABLE IF EXISTS `qnadb`;
/*!40101 SET @saved_cs_client     = @@character_set_client */;
 SET character_set_client = utf8mb4 ;
CREATE TABLE `qnadb` (
  `num` int(11) NOT NULL AUTO_INCREMENT,
  `name` varchar(45) COLLATE utf8_bin DEFAULT NULL,
  `wdate` date DEFAULT NULL,
  `title` varchar(45) COLLATE utf8_bin DEFAULT NULL,
  `content` varchar(100) COLLATE utf8_bin DEFAULT NULL,
  `count` int(11) DEFAULT NULL,
  PRIMARY KEY (`num`)
) ENGINE=InnoDB AUTO_INCREMENT=40 DEFAULT CHARSET=utf8 COLLATE=utf8_bin;
/*!40101 SET character_set_client = @saved_cs_client */;

--
-- Dumping data for table `qnadb`
--

LOCK TABLES `qnadb` WRITE;
/*!40000 ALTER TABLE `qnadb` DISABLE KEYS */;
INSERT INTO `qnadb` VALUES (1,'d','2019-11-20','d','d',8),(2,'d','2019-11-20','d','d',4),(3,'d','2019-11-20','d','d',5),(4,'d','2019-11-20','d','d',10),(5,'d','2019-11-20','오늘의 질문은 무엇인가요','없습니다.',28),(6,'d','2019-11-20','오늘의 질문은 무엇인가요','없습니다.',2),(7,'d','2019-11-20','오늘의 질문은 무엇인가요','없습니다.',6),(8,'임선우','2019-11-20','안녕','sss',4),(9,'123','2019-11-20','안녕','12312321',3),(10,'123','2019-11-20','안녕','12312321',4),(11,'123','2019-11-20','메롱','메로나',6),(12,'임선우','2019-11-20','안녕','11',5),(14,'택진','2019-11-20','123','11',7),(15,'택진','2019-11-20','1','sss',5),(16,'택진','2019-11-20','1','12312321',7),(17,'ㅇㄴㄻㄴㄹ','2019-11-20','메롱','ㄷㄷ',39),(18,'임선우','2019-11-21','안녕','ggg',2),(19,'규히','2019-11-21','규히','규히',8),(34,'빅스비','2019-11-21','우승했다','최고',47),(35,'최은주','2019-11-25','ㅇㅇ','최은주낭',25),(38,'sdk','2019-11-28','오늘의 질문은 어떤가요','sdk안녕',3),(39,'sdk','2019-11-29','ㅇㅇ','안뇽',1);
/*!40000 ALTER TABLE `qnadb` ENABLE KEYS */;
UNLOCK TABLES;
/*!40103 SET TIME_ZONE=@OLD_TIME_ZONE */;

/*!40101 SET SQL_MODE=@OLD_SQL_MODE */;
/*!40014 SET FOREIGN_KEY_CHECKS=@OLD_FOREIGN_KEY_CHECKS */;
/*!40014 SET UNIQUE_CHECKS=@OLD_UNIQUE_CHECKS */;
/*!40101 SET CHARACTER_SET_CLIENT=@OLD_CHARACTER_SET_CLIENT */;
/*!40101 SET CHARACTER_SET_RESULTS=@OLD_CHARACTER_SET_RESULTS */;
/*!40101 SET COLLATION_CONNECTION=@OLD_COLLATION_CONNECTION */;
/*!40111 SET SQL_NOTES=@OLD_SQL_NOTES */;

-- Dump completed on 2019-11-29  9:11:36
